1,000001.png
909091,000002.png
1818181,000003.png
2727271,000004.png
3636361,000005.png
4545451,000006.png
5454541,000007.png
6363631,000008.png
7272721,000009.png
8181811,000010.png
9090901,000011.png
9999991,000012.png
10909081,000013.png
11818171,000014.png
12727261,000015.png
13636351,000016.png
14545441,000017.png
15454531,000018.png
16363621,000019.png
17272711,000020.png
18181801,000021.png
19090891,000022.png
19999981,000023.png
20909071,000024.png
21818161,000025.png
22727251,000026.png
23636341,000027.png
24545431,000028.png
25454521,000029.png
26363611,000030.png
27272701,000031.png
28181791,000032.png
29090881,000033.png
29999971,000034.png
30909061,000035.png
31818151,000036.png
32727241,000037.png
33636331,000038.png
34545421,000039.png
35454511,000040.png
36363601,000041.png
37272691,000042.png
38181781,000043.png
39090871,000044.png
39999961,000045.png
40909051,000046.png
41818141,000047.png
42727231,000048.png
43636321,000049.png
44545411,000050.png
45454501,000051.png
46363591,000052.png
47272681,000053.png
48181771,000054.png
49090861,000055.png
49999951,000056.png
50909041,000057.png
51818131,000058.png
52727221,000059.png
53636311,000060.png
54545401,000061.png
55454491,000062.png
56363581,000063.png
57272671,000064.png
58181761,000065.png
59090851,000066.png
59999941,000067.png
60909031,000068.png
61818121,000069.png
62727211,000070.png
63636301,000071.png
64545391,000072.png
65454481,000073.png
66363571,000074.png
67272661,000075.png
68181751,000076.png
69090841,000077.png
69999931,000078.png
70909021,000079.png
71818111,000080.png
72727201,000081.png
73636291,000082.png
74545381,000083.png
75454471,000084.png
76363561,000085.png
77272651,000086.png
78181741,000087.png
79090831,000088.png
79999921,000089.png
80909011,000090.png
81818101,000091.png
82727191,000092.png
83636281,000093.png
84545371,000094.png
85454461,000095.png
86363551,000096.png
87272641,000097.png
88181731,000098.png
89090821,000099.png
89999911,000100.png
90909001,000101.png
91818091,000102.png
92727181,000103.png
93636271,000104.png
94545361,000105.png
95454451,000106.png
96363541,000107.png
97272631,000108.png
98181721,000109.png
99090811,000110.png
99999901,000111.png
100908991,000112.png
101818081,000113.png
102727171,000114.png
103636261,000115.png
104545351,000116.png
105454441,000117.png
106363531,000118.png
107272621,000119.png
108181711,000120.png
109090801,000121.png
109999891,000122.png
110908981,000123.png
111818071,000124.png
112727161,000125.png
113636251,000126.png
114545341,000127.png
115454431,000128.png
116363521,000129.png
117272611,000130.png
118181701,000131.png
119090791,000132.png
119999881,000133.png
120908971,000134.png
121818061,000135.png
122727151,000136.png
123636241,000137.png
124545331,000138.png
125454421,000139.png
126363511,000140.png
127272601,000141.png
128181691,000142.png
129090781,000143.png
129999871,000144.png
130908961,000145.png
131818051,000146.png
132727141,000147.png
133636231,000148.png
134545321,000149.png
135454411,000150.png
136363501,000151.png
137272591,000152.png
138181681,000153.png
139090771,000154.png
139999861,000155.png
140908951,000156.png
141818041,000157.png
142727131,000158.png
143636221,000159.png
144545311,000160.png
145454401,000161.png
146363491,000162.png
147272581,000163.png
148181671,000164.png
149090761,000165.png
149999851,000166.png
150908941,000167.png
151818031,000168.png
152727121,000169.png
153636211,000170.png
154545301,000171.png
155454391,000172.png
156363481,000173.png
157272571,000174.png
158181661,000175.png
159090751,000176.png
159999841,000177.png
160908931,000178.png
161818021,000179.png
162727111,000180.png
163636201,000181.png
164545291,000182.png
165454381,000183.png
166363471,000184.png
167272561,000185.png
168181651,000186.png
169090741,000187.png
169999831,000188.png
170908921,000189.png
171818011,000190.png
172727101,000191.png
173636191,000192.png
174545281,000193.png
175454371,000194.png
176363461,000195.png
177272551,000196.png
178181641,000197.png
179090731,000198.png
179999821,000199.png
180908911,000200.png
181818001,000201.png
182727091,000202.png
183636181,000203.png
184545271,000204.png
185454361,000205.png
186363451,000206.png
187272541,000207.png
188181631,000208.png
189090721,000209.png
189999811,000210.png
190908901,000211.png
191817991,000212.png
192727081,000213.png
193636171,000214.png
194545261,000215.png
195454351,000216.png
196363441,000217.png
197272531,000218.png
198181621,000219.png
199090711,000220.png
199999801,000221.png
200908891,000222.png
201817981,000223.png
202727071,000224.png
203636161,000225.png
204545251,000226.png
205454341,000227.png
206363431,000228.png
207272521,000229.png
208181611,000230.png
209090701,000231.png
209999791,000232.png
210908881,000233.png
211817971,000234.png
212727061,000235.png
213636151,000236.png
214545241,000237.png
215454331,000238.png
216363421,000239.png
217272511,000240.png
218181601,000241.png
219090691,000242.png
219999781,000243.png
220908871,000244.png
221817961,000245.png
222727051,000246.png
223636141,000247.png
224545231,000248.png
225454321,000249.png
226363411,000250.png
227272501,000251.png
228181591,000252.png
229090681,000253.png
229999771,000254.png
230908861,000255.png
231817951,000256.png
232727041,000257.png
233636131,000258.png
234545221,000259.png
235454311,000260.png
236363401,000261.png
237272491,000262.png
238181581,000263.png
239090671,000264.png
239999761,000265.png
240908851,000266.png
241817941,000267.png
242727031,000268.png
243636121,000269.png
244545211,000270.png
245454301,000271.png
246363391,000272.png
247272481,000273.png
248181571,000274.png
249090661,000275.png
249999751,000276.png
250908841,000277.png
251817931,000278.png
252727021,000279.png
253636111,000280.png
254545201,000281.png
255454291,000282.png
256363381,000283.png
257272471,000284.png
258181561,000285.png
259090651,000286.png
259999741,000287.png
260908831,000288.png
261817921,000289.png
262727011,000290.png
263636101,000291.png
264545191,000292.png
265454281,000293.png
266363371,000294.png
267272461,000295.png
268181551,000296.png
269090641,000297.png
269999731,000298.png
270908821,000299.png
271817911,000300.png
272727001,000301.png
273636091,000302.png
274545181,000303.png
275454271,000304.png
276363361,000305.png
277272451,000306.png
278181541,000307.png
279090631,000308.png
279999721,000309.png
280908811,000310.png
281817901,000311.png
282726991,000312.png
283636081,000313.png
284545171,000314.png
285454261,000315.png
286363351,000316.png
287272441,000317.png
288181531,000318.png
289090621,000319.png
289999711,000320.png
290908801,000321.png
291817891,000322.png
292726981,000323.png
293636071,000324.png
294545161,000325.png
295454251,000326.png
296363341,000327.png
297272431,000328.png
298181521,000329.png
299090611,000330.png
299999701,000331.png
300908791,000332.png
301817881,000333.png
302726971,000334.png
303636061,000335.png
304545151,000336.png
305454241,000337.png
306363331,000338.png
307272421,000339.png
308181511,000340.png
309090601,000341.png
309999691,000342.png
310908781,000343.png
311817871,000344.png
312726961,000345.png
313636051,000346.png
314545141,000347.png
315454231,000348.png
316363321,000349.png
317272411,000350.png
318181501,000351.png
319090591,000352.png
319999681,000353.png
320908771,000354.png
321817861,000355.png
322726951,000356.png
323636041,000357.png
324545131,000358.png
325454221,000359.png
326363311,000360.png
327272401,000361.png
328181491,000362.png
329090581,000363.png
329999671,000364.png
330908761,000365.png
331817851,000366.png
332726941,000367.png
333636031,000368.png
334545121,000369.png
335454211,000370.png
336363301,000371.png
337272391,000372.png
338181481,000373.png
339090571,000374.png
339999661,000375.png
340908751,000376.png
341817841,000377.png
342726931,000378.png
343636021,000379.png
344545111,000380.png
345454201,000381.png
346363291,000382.png
347272381,000383.png
348181471,000384.png
349090561,000385.png
349999651,000386.png
350908741,000387.png
351817831,000388.png
352726921,000389.png
353636011,000390.png
354545101,000391.png
355454191,000392.png
356363281,000393.png
357272371,000394.png
358181461,000395.png
359090551,000396.png
359999641,000397.png
360908731,000398.png
361817821,000399.png
362726911,000400.png
363636001,000401.png
364545091,000402.png
365454181,000403.png
366363271,000404.png
367272361,000405.png
368181451,000406.png
369090541,000407.png
369999631,000408.png
370908721,000409.png
371817811,000410.png
372726901,000411.png
373635991,000412.png
374545081,000413.png
375454171,000414.png
376363261,000415.png
377272351,000416.png
378181441,000417.png
379090531,000418.png
379999621,000419.png
380908711,000420.png
381817801,000421.png
382726891,000422.png
383635981,000423.png
384545071,000424.png
385454161,000425.png
386363251,000426.png
387272341,000427.png
388181431,000428.png
389090521,000429.png
389999611,000430.png
390908701,000431.png
391817791,000432.png
392726881,000433.png
393635971,000434.png
394545061,000435.png
395454151,000436.png
396363241,000437.png
397272331,000438.png
398181421,000439.png
399090511,000440.png
399999601,000441.png
400908691,000442.png
401817781,000443.png
402726871,000444.png
403635961,000445.png
404545051,000446.png
405454141,000447.png
406363231,000448.png
407272321,000449.png
408181411,000450.png
409090501,000451.png
409999591,000452.png
410908681,000453.png
411817771,000454.png
412726861,000455.png
413635951,000456.png
414545041,000457.png
415454131,000458.png
416363221,000459.png
417272311,000460.png
418181401,000461.png
419090491,000462.png
419999581,000463.png
420908671,000464.png
421817761,000465.png
422726851,000466.png
423635941,000467.png
424545031,000468.png
425454121,000469.png
426363211,000470.png
427272301,000471.png
428181391,000472.png
429090481,000473.png
429999571,000474.png
430908661,000475.png
431817751,000476.png
432726841,000477.png
433635931,000478.png
434545021,000479.png
435454111,000480.png
436363201,000481.png
437272291,000482.png
438181381,000483.png
439090471,000484.png
439999561,000485.png
440908651,000486.png
441817741,000487.png
442726831,000488.png
443635921,000489.png
444545011,000490.png
445454101,000491.png
446363191,000492.png
447272281,000493.png
448181371,000494.png
449090461,000495.png
449999551,000496.png
450908641,000497.png
451817731,000498.png
452726821,000499.png
453635911,000500.png
454545001,000501.png
455454091,000502.png
456363181,000503.png
457272271,000504.png
458181361,000505.png
459090451,000506.png
459999541,000507.png
460908631,000508.png
461817721,000509.png
462726811,000510.png
463635901,000511.png
464544991,000512.png
465454081,000513.png
466363171,000514.png
467272261,000515.png
468181351,000516.png
469090441,000517.png
469999531,000518.png
470908621,000519.png
471817711,000520.png
472726801,000521.png
473635891,000522.png
474544981,000523.png
475454071,000524.png
476363161,000525.png
477272251,000526.png
478181341,000527.png
479090431,000528.png
479999521,000529.png
480908611,000530.png
481817701,000531.png
482726791,000532.png
483635881,000533.png
484544971,000534.png
485454061,000535.png
486363151,000536.png
487272241,000537.png
488181331,000538.png
489090421,000539.png
489999511,000540.png
490908601,000541.png
491817691,000542.png
492726781,000543.png
493635871,000544.png
494544961,000545.png
495454051,000546.png
496363141,000547.png
497272231,000548.png
498181321,000549.png
499090411,000550.png
499999501,000551.png
500908591,000552.png
501817681,000553.png
502726771,000554.png
503635861,000555.png
504544951,000556.png
505454041,000557.png
506363131,000558.png
507272221,000559.png
508181311,000560.png
509090401,000561.png
509999491,000562.png
510908581,000563.png
511817671,000564.png
512726761,000565.png
513635851,000566.png
514544941,000567.png
515454031,000568.png
516363121,000569.png
517272211,000570.png
518181301,000571.png
519090391,000572.png
519999481,000573.png
520908571,000574.png
521817661,000575.png
522726751,000576.png
523635841,000577.png
524544931,000578.png
525454021,000579.png
526363111,000580.png
527272201,000581.png
528181291,000582.png
529090381,000583.png
529999471,000584.png
530908561,000585.png
531817651,000586.png
532726741,000587.png
533635831,000588.png
534544921,000589.png
535454011,000590.png
536363101,000591.png
537272191,000592.png
538181281,000593.png
539090371,000594.png
539999461,000595.png
540908551,000596.png
541817641,000597.png
542726731,000598.png
543635821,000599.png
544544911,000600.png
545454001,000601.png
546363091,000602.png
547272181,000603.png
548181271,000604.png
549090361,000605.png
549999451,000606.png
550908541,000607.png
551817631,000608.png
552726721,000609.png
553635811,000610.png
554544901,000611.png
555453991,000612.png
556363081,000613.png
557272171,000614.png
558181261,000615.png
559090351,000616.png
559999441,000617.png
560908531,000618.png
561817621,000619.png
562726711,000620.png
563635801,000621.png
564544891,000622.png
565453981,000623.png
566363071,000624.png
567272161,000625.png
568181251,000626.png
569090341,000627.png
569999431,000628.png
570908521,000629.png
571817611,000630.png
572726701,000631.png
573635791,000632.png
574544881,000633.png
575453971,000634.png
576363061,000635.png
577272151,000636.png
578181241,000637.png
579090331,000638.png
579999421,000639.png
580908511,000640.png
581817601,000641.png
582726691,000642.png
583635781,000643.png
584544871,000644.png
585453961,000645.png
586363051,000646.png
587272141,000647.png
588181231,000648.png
589090321,000649.png
589999411,000650.png
590908501,000651.png
591817591,000652.png
592726681,000653.png
593635771,000654.png
594544861,000655.png
595453951,000656.png
596363041,000657.png
597272131,000658.png
598181221,000659.png
599090311,000660.png
599999401,000661.png
600908491,000662.png
601817581,000663.png
602726671,000664.png
603635761,000665.png
604544851,000666.png
605453941,000667.png
606363031,000668.png
607272121,000669.png
608181211,000670.png
609090301,000671.png
609999391,000672.png
610908481,000673.png
611817571,000674.png
612726661,000675.png
613635751,000676.png
614544841,000677.png
615453931,000678.png
616363021,000679.png
617272111,000680.png
618181201,000681.png
619090291,000682.png
619999381,000683.png
620908471,000684.png
621817561,000685.png
622726651,000686.png
623635741,000687.png
624544831,000688.png
625453921,000689.png
626363011,000690.png
627272101,000691.png
628181191,000692.png
629090281,000693.png
629999371,000694.png
630908461,000695.png
631817551,000696.png
632726641,000697.png
633635731,000698.png
634544821,000699.png
635453911,000700.png
636363001,000701.png
637272091,000702.png
638181181,000703.png
639090271,000704.png
639999361,000705.png
640908451,000706.png
641817541,000707.png
642726631,000708.png
643635721,000709.png
644544811,000710.png
645453901,000711.png
646362991,000712.png
647272081,000713.png
648181171,000714.png
649090261,000715.png
649999351,000716.png
650908441,000717.png
651817531,000718.png
652726621,000719.png
653635711,000720.png
654544801,000721.png
655453891,000722.png
656362981,000723.png
657272071,000724.png
658181161,000725.png
659090251,000726.png
659999341,000727.png
660908431,000728.png
661817521,000729.png
662726611,000730.png
663635701,000731.png
664544791,000732.png
665453881,000733.png
666362971,000734.png
667272061,000735.png
668181151,000736.png
669090241,000737.png
669999331,000738.png
670908421,000739.png
671817511,000740.png
672726601,000741.png
673635691,000742.png
674544781,000743.png
675453871,000744.png
676362961,000745.png
677272051,000746.png
678181141,000747.png
679090231,000748.png
679999321,000749.png
680908411,000750.png
681817501,000751.png
682726591,000752.png
683635681,000753.png
684544771,000754.png
685453861,000755.png
686362951,000756.png
687272041,000757.png
688181131,000758.png
689090221,000759.png
689999311,000760.png
690908401,000761.png
691817491,000762.png
692726581,000763.png
693635671,000764.png
694544761,000765.png
695453851,000766.png
696362941,000767.png
697272031,000768.png
698181121,000769.png
699090211,000770.png
699999301,000771.png
700908391,000772.png
701817481,000773.png
702726571,000774.png
703635661,000775.png
704544751,000776.png
705453841,000777.png
706362931,000778.png
707272021,000779.png
708181111,000780.png
709090201,000781.png
709999291,000782.png
710908381,000783.png
711817471,000784.png
712726561,000785.png
713635651,000786.png
714544741,000787.png
715453831,000788.png
716362921,000789.png
717272011,000790.png
718181101,000791.png
719090191,000792.png
719999281,000793.png
720908371,000794.png
721817461,000795.png
722726551,000796.png
723635641,000797.png
724544731,000798.png
725453821,000799.png
726362911,000800.png
727272001,000801.png
728181091,000802.png
729090181,000803.png
729999271,000804.png
730908361,000805.png
731817451,000806.png
732726541,000807.png
733635631,000808.png
734544721,000809.png
735453811,000810.png
736362901,000811.png
737271991,000812.png
738181081,000813.png
739090171,000814.png
739999261,000815.png
740908351,000816.png
741817441,000817.png
742726531,000818.png
743635621,000819.png
744544711,000820.png
745453801,000821.png
746362891,000822.png
747271981,000823.png
748181071,000824.png
749090161,000825.png
749999251,000826.png
750908341,000827.png
751817431,000828.png
752726521,000829.png
753635611,000830.png
754544701,000831.png
755453791,000832.png
756362881,000833.png
757271971,000834.png
758181061,000835.png
759090151,000836.png
759999241,000837.png
760908331,000838.png
761817421,000839.png
762726511,000840.png
763635601,000841.png
764544691,000842.png
765453781,000843.png
766362871,000844.png
767271961,000845.png
768181051,000846.png
769090141,000847.png
769999231,000848.png
770908321,000849.png
771817411,000850.png
772726501,000851.png
773635591,000852.png
774544681,000853.png
775453771,000854.png
776362861,000855.png
777271951,000856.png
778181041,000857.png
779090131,000858.png
779999221,000859.png
780908311,000860.png
781817401,000861.png
782726491,000862.png
783635581,000863.png
784544671,000864.png
785453761,000865.png
786362851,000866.png
787271941,000867.png
788181031,000868.png
789090121,000869.png
789999211,000870.png
790908301,000871.png
791817391,000872.png
792726481,000873.png
793635571,000874.png
794544661,000875.png
795453751,000876.png
796362841,000877.png
797271931,000878.png
798181021,000879.png
799090111,000880.png
799999201,000881.png
800908291,000882.png
801817381,000883.png
802726471,000884.png
803635561,000885.png
804544651,000886.png
805453741,000887.png
806362831,000888.png
807271921,000889.png
808181011,000890.png
809090101,000891.png
809999191,000892.png
810908281,000893.png
811817371,000894.png
812726461,000895.png
813635551,000896.png
814544641,000897.png
815453731,000898.png
816362821,000899.png
817271911,000900.png
818181001,000901.png
819090091,000902.png
819999181,000903.png
820908271,000904.png
821817361,000905.png
822726451,000906.png
823635541,000907.png
824544631,000908.png
825453721,000909.png
826362811,000910.png
827271901,000911.png
828180991,000912.png
829090081,000913.png
829999171,000914.png
830908261,000915.png
831817351,000916.png
832726441,000917.png
833635531,000918.png
834544621,000919.png
835453711,000920.png
836362801,000921.png
837271891,000922.png
838180981,000923.png
839090071,000924.png
839999161,000925.png
840908251,000926.png
841817341,000927.png
842726431,000928.png
843635521,000929.png
844544611,000930.png
845453701,000931.png
846362791,000932.png
847271881,000933.png
848180971,000934.png
849090061,000935.png
849999151,000936.png
850908241,000937.png
851817331,000938.png
852726421,000939.png
853635511,000940.png
854544601,000941.png
855453691,000942.png
856362781,000943.png
857271871,000944.png
858180961,000945.png
859090051,000946.png
859999141,000947.png
860908231,000948.png
861817321,000949.png
862726411,000950.png
863635501,000951.png
864544591,000952.png
865453681,000953.png
866362771,000954.png
867271861,000955.png
868180951,000956.png
869090041,000957.png
869999131,000958.png
870908221,000959.png
871817311,000960.png
872726401,000961.png
873635491,000962.png
874544581,000963.png
875453671,000964.png
876362761,000965.png
877271851,000966.png
878180941,000967.png
879090031,000968.png
879999121,000969.png
880908211,000970.png
881817301,000971.png
882726391,000972.png
883635481,000973.png
884544571,000974.png
885453661,000975.png
886362751,000976.png
887271841,000977.png
888180931,000978.png
889090021,000979.png
889999111,000980.png
890908201,000981.png
891817291,000982.png
892726381,000983.png
893635471,000984.png
894544561,000985.png
895453651,000986.png
896362741,000987.png
897271831,000988.png
898180921,000989.png
899090011,000990.png
899999101,000991.png
900908191,000992.png
901817281,000993.png
902726371,000994.png
903635461,000995.png
904544551,000996.png
905453641,000997.png
906362731,000998.png
907271821,000999.png
908180911,001000.png
909090001,001001.png
909999091,001002.png
910908181,001003.png
911817271,001004.png
912726361,001005.png
913635451,001006.png
914544541,001007.png
915453631,001008.png
916362721,001009.png
917271811,001010.png
918180901,001011.png
919089991,001012.png
919999081,001013.png
920908171,001014.png
921817261,001015.png
922726351,001016.png
923635441,001017.png
924544531,001018.png
925453621,001019.png
926362711,001020.png
927271801,001021.png
928180891,001022.png
929089981,001023.png
929999071,001024.png
930908161,001025.png
931817251,001026.png
932726341,001027.png
933635431,001028.png
934544521,001029.png
935453611,001030.png
936362701,001031.png
937271791,001032.png
938180881,001033.png
939089971,001034.png
939999061,001035.png
940908151,001036.png
941817241,001037.png
942726331,001038.png
943635421,001039.png
944544511,001040.png
945453601,001041.png
946362691,001042.png
947271781,001043.png
948180871,001044.png
949089961,001045.png
949999051,001046.png
950908141,001047.png
951817231,001048.png
952726321,001049.png
953635411,001050.png
954544501,001051.png
955453591,001052.png
956362681,001053.png
957271771,001054.png
958180861,001055.png
959089951,001056.png
959999041,001057.png
960908131,001058.png
961817221,001059.png
962726311,001060.png
963635401,001061.png
964544491,001062.png
965453581,001063.png
966362671,001064.png
967271761,001065.png
968180851,001066.png
969089941,001067.png
969999031,001068.png
970908121,001069.png
971817211,001070.png
972726301,001071.png
973635391,001072.png
974544481,001073.png
975453571,001074.png
976362661,001075.png
977271751,001076.png
978180841,001077.png
979089931,001078.png
979999021,001079.png
980908111,001080.png
981817201,001081.png
982726291,001082.png
983635381,001083.png
984544471,001084.png
985453561,001085.png
986362651,001086.png
987271741,001087.png
988180831,001088.png
989089921,001089.png
989999011,001090.png
990908101,001091.png
991817191,001092.png
992726281,001093.png
993635371,001094.png
994544461,001095.png
995453551,001096.png
996362641,001097.png
997271731,001098.png
998180821,001099.png
999089911,001100.png
